[{"name":"AWTEventQueue.dispatchTimeTotalNS","description":"","unit":"ns","type":"LONG_SUM","data":{"points":[{"startEpochNanos":1744440140336000000,"epochNanos":1744440200353000000,"attributes":{"empty":true},"value":57008253800}],"monotonic":true,"aggregationTemporality":"DELTA"}},{"name":"AWTEventQueue.dispatchTimeAvgNs","description":"","unit":"ns","type":"DOUBLE_GAUGE","data":{"points":[{"startEpochNanos":1744440140336000000,"epochNanos":1744440200353000000,"attributes":{"empty":true},"value":6626898.752848174}]}},{"name":"FlushQueue.waitingTimeAvgNs","description":"","unit":"ns","type":"DOUBLE_GAUGE","data":{"points":[{"startEpochNanos":1744440140336000000,"epochNanos":1744440200353000000,"attributes":{"empty":true},"value":15755.233781958274}]}},{"name":"AWTEventQueue.eventsDispatched","description":"","unit":"","type":"LONG_GAUGE","data":{"points":[{"startEpochNanos":1744440140336000000,"epochNanos":1744440200353000000,"attributes":{"empty":true},"value":8602}]}},{"name":"FlushQueue.executionTimeMaxNs","description":"","unit":"ns","type":"LONG_GAUGE","data":{"points":[{"startEpochNanos":1744440140336000000,"epochNanos":1744440200353000000,"attributes":{"empty":true},"value":1711276031}]}},{"name":"ReadAction.executionsCount","description":"Total read actions executed","unit":"","type":"LONG_SUM","data":{"points":[{"startEpochNanos":1744440140336000000,"epochNanos":1744440200353000000,"attributes":{"empty":true},"value":206104}],"monotonic":true,"aggregationTemporality":"DELTA"}},{"name":"NonBlockingReadAction.failedExecutionsCount","description":"","unit":"","type":"LONG_SUM","data":{"points":[{"startEpochNanos":1744440140336000000,"epochNanos":1744440200353000000,"attributes":{"empty":true},"value":0}],"monotonic":true,"aggregationTemporality":"DELTA"}},{"name":"FlushQueue.executionTime90PNs","description":"","unit":"ns","type":"LONG_GAUGE","data":{"points":[{"startEpochNanos":1744440140336000000,"epochNanos":1744440200353000000,"attributes":{"empty":true},"value":82431}]}},{"name":"NonBlockingReadAction.finalizedExecutionsCount","description":"","unit":"","type":"LONG_SUM","data":{"points":[{"startEpochNanos":1744440140336000000,"epochNanos":1744440200353000000,"attributes":{"empty":true},"value":140}],"monotonic":true,"aggregationTemporality":"DELTA"}},{"name":"FlushQueue.queueSizeAvg","description":"","unit":"","type":"DOUBLE_GAUGE","data":{"points":[{"startEpochNanos":1744440140336000000,"epochNanos":1744440200353000000,"attributes":{"empty":true},"value":0.0019292540151098214}]}},{"name":"FlushQueue.waitingTime90PNs","description":"","unit":"ns","type":"LONG_GAUGE","data":{"points":[{"startEpochNanos":1744440140336000000,"epochNanos":1744440200353000000,"attributes":{"empty":true},"value":14719}]}},{"name":"FlushQueue.tasksExecuted","description":"","unit":"","type":"LONG_GAUGE","data":{"points":[{"startEpochNanos":1744440140336000000,"epochNanos":1744440200353000000,"attributes":{"empty":true},"value":999350}]}},{"name":"AWTEventQueue.dispatchTime90PNs","description":"","unit":"ns","type":"LONG_GAUGE","data":{"points":[{"startEpochNanos":1744440140336000000,"epochNanos":1744440200353000000,"attributes":{"empty":true},"value":7503871}]}},{"name":"FlushQueue.waitingTimeMaxNs","description":"","unit":"ns","type":"LONG_GAUGE","data":{"points":[{"startEpochNanos":1744440140336000000,"epochNanos":1744440200353000000,"attributes":{"empty":true},"value":98566143}]}},{"name":"FlushQueue.queueSizeMax","description":"","unit":"","type":"LONG_GAUGE","data":{"points":[{"startEpochNanos":1744440140336000000,"epochNanos":1744440200353000000,"attributes":{"empty":true},"value":36}]}},{"name":"FlushQueue.queueSize90P","description":"","unit":"","type":"LONG_GAUGE","data":{"points":[{"startEpochNanos":1744440140336000000,"epochNanos":1744440200353000000,"attributes":{"empty":true},"value":0}]}},{"name":"NonBlockingReadAction.finalizedExecutionTimeUs","description":"","unit":"","type":"LONG_SUM","data":{"points":[{"startEpochNanos":1744440140336000000,"epochNanos":1744440200353000000,"attributes":{"empty":true},"value":125527}],"monotonic":true,"aggregationTemporality":"DELTA"}},{"name":"FlushQueue.executionTimeAvgNs","description":"","unit":"ns","type":"DOUBLE_GAUGE","data":{"points":[{"startEpochNanos":1744440140336000000,"epochNanos":1744440200353000000,"attributes":{"empty":true},"value":62323.80798719168}]}},{"name":"NonBlockingReadAction.failedExecutionTimeUs","description":"","unit":"","type":"LONG_SUM","data":{"points":[{"startEpochNanos":1744440140336000000,"epochNanos":1744440200353000000,"attributes":{"empty":true},"value":0}],"monotonic":true,"aggregationTemporality":"DELTA"}},{"name":"WriteAction.executionsCount","description":"Total write actions executed","unit":"","type":"LONG_SUM","data":{"points":[{"startEpochNanos":1744440140336000000,"epochNanos":1744440200353000000,"attributes":{"empty":true},"value":12}],"monotonic":true,"aggregationTemporality":"DELTA"}},{"name":"AWTEventQueue.dispatchTimeMaxNs","description":"","unit":"ns","type":"LONG_GAUGE","data":{"points":[{"startEpochNanos":1744440140336000000,"epochNanos":1744440200353000000,"attributes":{"empty":true},"value":93323263}]}},{"name":"JVM.maxHeapBytes","description":"","unit":"","type":"LONG_GAUGE","data":{"points":[{"startEpochNanos":1744440140336000000,"epochNanos":1744440200353000000,"attributes":{"empty":true},"value":2147483648}]}},{"name":"JVM.totalTimeToSafepointsMs","description":"","unit":"","type":"LONG_SUM","data":{"points":[{"startEpochNanos":1744440140336000000,"epochNanos":1744440200353000000,"attributes":{"empty":true},"value":1670}],"monotonic":true,"aggregationTemporality":"DELTA"}},{"name":"JVM.totalTimeAtSafepointsMs","description":"","unit":"","type":"LONG_SUM","data":{"points":[{"startEpochNanos":1744440140336000000,"epochNanos":1744440200353000000,"attributes":{"empty":true},"value":94219}],"monotonic":true,"aggregationTemporality":"DELTA"}},{"name":"JVM.totalCpuTimeMs","description":"","unit":"","type":"LONG_SUM","data":{"points":[{"startEpochNanos":1744440140336000000,"epochNanos":1744440200353000000,"attributes":{"empty":true},"value":80218}],"monotonic":true,"aggregationTemporality":"DELTA"}},{"name":"JVM.GC.collections","description":"","unit":"","type":"LONG_SUM","data":{"points":[{"startEpochNanos":1744440140336000000,"epochNanos":1744440200353000000,"attributes":{"empty":true},"value":230}],"monotonic":true,"aggregationTemporality":"DELTA"}},{"name":"JVM.maxThreadCount","description":"","unit":"","type":"LONG_GAUGE","data":{"points":[{"startEpochNanos":1744440140336000000,"epochNanos":1744440200353000000,"attributes":{"empty":true},"value":64}]}},{"name":"OS.loadAverage","description":"","unit":"","type":"DOUBLE_GAUGE","data":{"points":[{"startEpochNanos":1744440140336000000,"epochNanos":1744440200353000000,"attributes":{"empty":true},"value":-1.0}]}},{"name":"JVM.totalDirectByteBuffersBytes","description":"","unit":"","type":"LONG_GAUGE","data":{"points":[{"startEpochNanos":1744440140336000000,"epochNanos":1744440200353000000,"attributes":{"empty":true},"value":364234167}]}},{"name":"JVM.totalSafepointCount","description":"","unit":"","type":"LONG_SUM","data":{"points":[{"startEpochNanos":1744440140336000000,"epochNanos":1744440200353000000,"attributes":{"empty":true},"value":282}],"monotonic":true,"aggregationTemporality":"DELTA"}},{"name":"JVM.usedHeapBytes","description":"","unit":"","type":"LONG_GAUGE","data":{"points":[{"startEpochNanos":1744440140336000000,"epochNanos":1744440200353000000,"attributes":{"empty":true},"value":407478192}]}},{"name":"JVM.totalBytesAllocated","description":"","unit":"","type":"LONG_SUM","data":{"points":[{"startEpochNanos":1744440140336000000,"epochNanos":1744440200353000000,"attributes":{"empty":true},"value":35758200232}],"monotonic":true,"aggregationTemporality":"DELTA"}},{"name":"JVM.usedNativeBytes","description":"","unit":"","type":"LONG_GAUGE","data":{"points":[{"startEpochNanos":1744440140336000000,"epochNanos":1744440200353000000,"attributes":{"empty":true},"value":192920832}]}},{"name":"JVM.newThreadsCount","description":"","unit":"","type":"LONG_SUM","data":{"points":[{"startEpochNanos":1744440140336000000,"epochNanos":1744440200353000000,"attributes":{"empty":true},"value":79}],"monotonic":true,"aggregationTemporality":"DELTA"}},{"name":"JVM.threadCount","description":"","unit":"","type":"LONG_GAUGE","data":{"points":[{"startEpochNanos":1744440140336000000,"epochNanos":1744440200353000000,"attributes":{"empty":true},"value":60}]}},{"name":"JVM.GC.collectionTimesMs","description":"","unit":"","type":"LONG_SUM","data":{"points":[{"startEpochNanos":1744440140336000000,"epochNanos":1744440200353000000,"attributes":{"empty":true},"value":927}],"monotonic":true,"aggregationTemporality":"DELTA"}},{"name":"VFS.fileByIdCache.hits","description":"","unit":"","type":"LONG_SUM","data":{"points":[{"startEpochNanos":1744440140336000000,"epochNanos":1744440200353000000,"attributes":{"empty":true},"value":0}],"monotonic":true,"aggregationTemporality":"DELTA"}},{"name":"VFS.contentStorage.recordsReadDecompressed","description":"","unit":"","type":"LONG_SUM","data":{"points":[{"startEpochNanos":1744440140336000000,"epochNanos":1744440200353000000,"attributes":{"empty":true},"value":0}],"monotonic":true,"aggregationTemporality":"DELTA"}},{"name":"VFS.contentStorage.recordsStoredSize","description":"","unit":"","type":"LONG_SUM","data":{"points":[{"startEpochNanos":1744440140336000000,"epochNanos":1744440200353000000,"attributes":{"empty":true},"value":0}],"monotonic":true,"aggregationTemporality":"DELTA"}},{"name":"VFS.contentStorage.recordsStored","description":"","unit":"","type":"LONG_SUM","data":{"points":[{"startEpochNanos":1744440140336000000,"epochNanos":1744440200353000000,"attributes":{"empty":true},"value":0}],"monotonic":true,"aggregationTemporality":"DELTA"}},{"name":"VFS.contentStorage.recordsDecompressionTimeUs","description":"","unit":"","type":"LONG_SUM","data":{"points":[{"startEpochNanos":1744440140336000000,"epochNanos":1744440200353000000,"attributes":{"empty":true},"value":0}],"monotonic":true,"aggregationTemporality":"DELTA"}},{"name":"VFS.contentStorage.recordsReadSize","description":"","unit":"","type":"LONG_SUM","data":{"points":[{"startEpochNanos":1744440140336000000,"epochNanos":1744440200353000000,"attributes":{"empty":true},"value":0}],"monotonic":true,"aggregationTemporality":"DELTA"}},{"name":"VFS.contentStorage.recordsDeduplicated","description":"","unit":"","type":"LONG_SUM","data":{"points":[{"startEpochNanos":1744440140336000000,"epochNanos":1744440200353000000,"attributes":{"empty":true},"value":0}],"monotonic":true,"aggregationTemporality":"DELTA"}},{"name":"FileNameCache.totalMisses","description":"","unit":"","type":"LONG_SUM","data":{"points":[{"startEpochNanos":1744440140336000000,"epochNanos":1744440200353000000,"attributes":{"empty":true},"value":1984}],"monotonic":true,"aggregationTemporality":"DELTA"}},{"name":"VFS.fileByIdCache.misses","description":"","unit":"","type":"LONG_SUM","data":{"points":[{"startEpochNanos":1744440140336000000,"epochNanos":1744440200353000000,"attributes":{"empty":true},"value":0}],"monotonic":true,"aggregationTemporality":"DELTA"}},{"name":"VFS.fileChildByName","description":"","unit":"","type":"LONG_SUM","data":{"points":[{"startEpochNanos":1744440140336000000,"epochNanos":1744440200353000000,"attributes":{"empty":true},"value":1815}],"monotonic":true,"aggregationTemporality":"DELTA"}},{"name":"VFS.contentStorage.recordsRead","description":"","unit":"","type":"LONG_SUM","data":{"points":[{"startEpochNanos":1744440140336000000,"epochNanos":1744440200353000000,"attributes":{"empty":true},"value":0}],"monotonic":true,"aggregationTemporality":"DELTA"}},{"name":"VFS.invertedFileNameIndex.requests","description":"","unit":"","type":"LONG_SUM","data":{"points":[{"startEpochNanos":1744440140336000000,"epochNanos":1744440200353000000,"attributes":{"empty":true},"value":0}],"monotonic":true,"aggregationTemporality":"DELTA"}},{"name":"VFS.contentStorage.recordsUncompressedSize","description":"","unit":"","type":"LONG_SUM","data":{"points":[{"startEpochNanos":1744440140336000000,"epochNanos":1744440200353000000,"attributes":{"empty":true},"value":0}],"monotonic":true,"aggregationTemporality":"DELTA"}},{"name":"VFS.contentStorage.recordsStoredCompressed","description":"","unit":"","type":"LONG_SUM","data":{"points":[{"startEpochNanos":1744440140336000000,"epochNanos":1744440200353000000,"attributes":{"empty":true},"value":0}],"monotonic":true,"aggregationTemporality":"DELTA"}},{"name":"FileNameCache.queries","description":"","unit":"","type":"LONG_SUM","data":{"points":[{"startEpochNanos":1744440140336000000,"epochNanos":1744440200353000000,"attributes":{"empty":true},"value":829504}],"monotonic":true,"aggregationTemporality":"DELTA"}},{"name":"cacheStateStorage.get.duration","description":"","unit":"","type":"LONG_SUM","data":{"points":[{"startEpochNanos":1744440140336000000,"epochNanos":1744440200353000000,"attributes":{"empty":true},"value":129}],"monotonic":true,"aggregationTemporality":"DELTA"}},{"name":"cacheStateStorage.get.counter","description":"","unit":"","type":"LONG_SUM","data":{"points":[{"startEpochNanos":1744440140336000000,"epochNanos":1744440200353000000,"attributes":{"empty":true},"value":9}],"monotonic":true,"aggregationTemporality":"DELTA"}},{"name":"cacheStateStorage.set.counter","description":"","unit":"","type":"LONG_SUM","data":{"points":[{"startEpochNanos":1744440140336000000,"epochNanos":1744440200353000000,"attributes":{"empty":true},"value":2}],"monotonic":true,"aggregationTemporality":"DELTA"}},{"name":"cacheStateStorage.set.duration","description":"","unit":"","type":"LONG_SUM","data":{"points":[{"startEpochNanos":1744440140336000000,"epochNanos":1744440200353000000,"attributes":{"empty":true},"value":5}],"monotonic":true,"aggregationTemporality":"DELTA"}},{"name":"workspaceModel.load.cache.from.file.ms","description":"","unit":"","type":"LONG_SUM","data":{"points":[{"startEpochNanos":1744440140336000000,"epochNanos":1744440200353000000,"attributes":{"empty":true},"value":0}],"monotonic":true,"aggregationTemporality":"DELTA"}},{"name":"jps.global.initialize.library.bridges.after.loading.ms","description":"","unit":"","type":"LONG_SUM","data":{"points":[{"startEpochNanos":1744440140336000000,"epochNanos":1744440200353000000,"attributes":{"empty":true},"value":2}],"monotonic":true,"aggregationTemporality":"DELTA"}},{"name":"workspaceModel.global.apply.state.to.project.ms","description":"","unit":"","type":"LONG_SUM","data":{"points":[{"startEpochNanos":1744440140336000000,"epochNanos":1744440200353000000,"attributes":{"empty":true},"value":0}],"monotonic":true,"aggregationTemporality":"DELTA"}},{"name":"workspaceModel.moduleManagerBridge.load.module.ms","description":"","unit":"","type":"LONG_SUM","data":{"points":[{"startEpochNanos":1744440140336000000,"epochNanos":1744440200353000000,"attributes":{"empty":true},"value":0}],"monotonic":true,"aggregationTemporality":"DELTA"}},{"name":"workspaceModel.mutableEntityStorage.replace.by.source.ms","description":"","unit":"","type":"LONG_SUM","data":{"points":[{"startEpochNanos":1744440140336000000,"epochNanos":1744440200353000000,"attributes":{"empty":true},"value":9}],"monotonic":true,"aggregationTemporality":"DELTA"}},{"name":"jps.global.handle.before.change.events.ms","description":"","unit":"","type":"LONG_SUM","data":{"points":[{"startEpochNanos":1744440140336000000,"epochNanos":1744440200353000000,"attributes":{"empty":true},"value":0}],"monotonic":true,"aggregationTemporality":"DELTA"}},{"name":"jps.storage.jps.conf.reader.load.component.ms","description":"","unit":"","type":"LONG_SUM","data":{"points":[{"startEpochNanos":1744440140336000000,"epochNanos":1744440200353000000,"attributes":{"empty":true},"value":26}],"monotonic":true,"aggregationTemporality":"DELTA"}},{"name":"workspaceModel.moduleManagerBridge.load.all.modules.ms","description":"","unit":"","type":"LONG_SUM","data":{"points":[{"startEpochNanos":1744440140336000000,"epochNanos":1744440200353000000,"attributes":{"empty":true},"value":23}],"monotonic":true,"aggregationTemporality":"DELTA"}},{"name":"jps.save.global.entities.ms","description":"","unit":"","type":"LONG_SUM","data":{"points":[{"startEpochNanos":1744440140336000000,"epochNanos":1744440200353000000,"attributes":{"empty":true},"value":0}],"monotonic":true,"aggregationTemporality":"DELTA"}},{"name":"workspaceModel.mutableEntityStorage.entities.by.source.ms","description":"","unit":"","type":"LONG_SUM","data":{"points":[{"startEpochNanos":1744440140336000000,"epochNanos":1744440200353000000,"attributes":{"empty":true},"value":0}],"monotonic":true,"aggregationTemporality":"DELTA"}},{"name":"workspaceModel.global.updates.ms","description":"","unit":"","type":"LONG_SUM","data":{"points":[{"startEpochNanos":1744440140336000000,"epochNanos":1744440200353000000,"attributes":{"empty":true},"value":0}],"monotonic":true,"aggregationTemporality":"DELTA"}},{"name":"workspaceModel.load.cache.metadata.from.file.ms","description":"","unit":"","type":"LONG_SUM","data":{"points":[{"startEpochNanos":1744440140336000000,"epochNanos":1744440200353000000,"attributes":{"empty":true},"value":0}],"monotonic":true,"aggregationTemporality":"DELTA"}},{"name":"jps.global.get.libraries.ms","description":"","unit":"","type":"LONG_SUM","data":{"points":[{"startEpochNanos":1744440140336000000,"epochNanos":1744440200353000000,"attributes":{"empty":true},"value":0}],"monotonic":true,"aggregationTemporality":"DELTA"}},{"name":"workspaceModel.moduleBridge.facet.initialization.ms","description":"","unit":"","type":"LONG_SUM","data":{"points":[{"startEpochNanos":1744440140336000000,"epochNanos":1744440200353000000,"attributes":{"empty":true},"value":0}],"monotonic":true,"aggregationTemporality":"DELTA"}},{"name":"workspaceModel.mutableEntityStorage.add.entity.ms","description":"","unit":"","type":"LONG_SUM","data":{"points":[{"startEpochNanos":1744440140336000000,"epochNanos":1744440200353000000,"attributes":{"empty":true},"value":54}],"monotonic":true,"aggregationTemporality":"DELTA"}},{"name":"jps.module.dependency.index.workspace.model.listener.on.changed.ms","description":"","unit":"","type":"LONG_SUM","data":{"points":[{"startEpochNanos":1744440140336000000,"epochNanos":1744440200353000000,"attributes":{"empty":true},"value":1}],"monotonic":true,"aggregationTemporality":"DELTA"}},{"name":"workspaceModel.mutableEntityStorage.referrers.ms","description":"","unit":"","type":"LONG_SUM","data":{"points":[{"startEpochNanos":1744440140336000000,"epochNanos":1744440200353000000,"attributes":{"empty":true},"value":0}],"monotonic":true,"aggregationTemporality":"DELTA"}},{"name":"workspaceModel.save.cache.to.file.ms","description":"","unit":"","type":"LONG_SUM","data":{"points":[{"startEpochNanos":1744440140336000000,"epochNanos":1744440200353000000,"attributes":{"empty":true},"value":122}],"monotonic":true,"aggregationTemporality":"DELTA"}},{"name":"jps.artifact.entities.serializer.load.entities.ms","description":"","unit":"","type":"LONG_SUM","data":{"points":[{"startEpochNanos":1744440140336000000,"epochNanos":1744440200353000000,"attributes":{"empty":true},"value":2}],"monotonic":true,"aggregationTemporality":"DELTA"}},{"name":"workspaceModel.moduleBridgeLoader.loading.modules.ms","description":"","unit":"","type":"LONG_SUM","data":{"points":[{"startEpochNanos":1744440140336000000,"epochNanos":1744440200353000000,"attributes":{"empty":true},"value":362}],"monotonic":true,"aggregationTemporality":"DELTA"}},{"name":"workspaceModel.orphan.listener.update.ms","description":"","unit":"","type":"LONG_SUM","data":{"points":[{"startEpochNanos":1744440140336000000,"epochNanos":1744440200353000000,"attributes":{"empty":true},"value":2}],"monotonic":true,"aggregationTemporality":"DELTA"}},{"name":"workspaceModel.mutableEntityStorage.modify.entity.ms","description":"","unit":"","type":"LONG_SUM","data":{"points":[{"startEpochNanos":1744440140336000000,"epochNanos":1744440200353000000,"attributes":{"empty":true},"value":0}],"monotonic":true,"aggregationTemporality":"DELTA"}},{"name":"jps.module.iml.entities.serializer.save.entities.ms","description":"","unit":"","type":"LONG_SUM","data":{"points":[{"startEpochNanos":1744440140336000000,"epochNanos":1744440200353000000,"attributes":{"empty":true},"value":0}],"monotonic":true,"aggregationTemporality":"DELTA"}},{"name":"workspaceModel.moduleBridge.update.option.ms","description":"","unit":"","type":"LONG_SUM","data":{"points":[{"startEpochNanos":1744440140336000000,"epochNanos":1744440200353000000,"attributes":{"empty":true},"value":0}],"monotonic":true,"aggregationTemporality":"DELTA"}},{"name":"jps.facet.change.listener.init.bridge.ms","description":"","unit":"","type":"LONG_SUM","data":{"points":[{"startEpochNanos":1744440140336000000,"epochNanos":1744440200353000000,"attributes":{"empty":true},"value":1}],"monotonic":true,"aggregationTemporality":"DELTA"}},{"name":"jps.module.iml.entities.serializer.load.entities.ms","description":"","unit":"","type":"LONG_SUM","data":{"points":[{"startEpochNanos":1744440140336000000,"epochNanos":1744440200353000000,"attributes":{"empty":true},"value":126}],"monotonic":true,"aggregationTemporality":"DELTA"}},{"name":"workspaceModel.mutableEntityStorage.has.same.entities.ms","description":"","unit":"","type":"LONG_SUM","data":{"points":[{"startEpochNanos":1744440140336000000,"epochNanos":1744440200353000000,"attributes":{"empty":true},"value":0}],"monotonic":true,"aggregationTemporality":"DELTA"}},{"name":"jps.project.serializers.save.ms","description":"","unit":"","type":"LONG_SUM","data":{"points":[{"startEpochNanos":1744440140336000000,"epochNanos":1744440200353000000,"attributes":{"empty":true},"value":0}],"monotonic":true,"aggregationTemporality":"DELTA"}},{"name":"workspaceModel.moduleManagerBridge.create.module.instance.ms","description":"","unit":"","type":"LONG_SUM","data":{"points":[{"startEpochNanos":1744440140336000000,"epochNanos":1744440200353000000,"attributes":{"empty":true},"value":0}],"monotonic":true,"aggregationTemporality":"DELTA"}},{"name":"jps.global.initialize.library.bridges.ms","description":"","unit":"","type":"LONG_SUM","data":{"points":[{"startEpochNanos":1744440140336000000,"epochNanos":1744440200353000000,"attributes":{"empty":true},"value":21}],"monotonic":true,"aggregationTemporality":"DELTA"}},{"name":"workspaceModel.mutableEntityStorage.changeLog.addReplaceEventForNewChild.ms","description":"","unit":"","type":"LONG_SUM","data":{"points":[{"startEpochNanos":1744440140336000000,"epochNanos":1744440200353000000,"attributes":{"empty":true},"value":1}],"monotonic":true,"aggregationTemporality":"DELTA"}},{"name":"workspaceModel.moduleManagerBridge.newModule.ms","description":"","unit":"","type":"LONG_SUM","data":{"points":[{"startEpochNanos":1744440140336000000,"epochNanos":1744440200353000000,"attributes":{"empty":true},"value":0}],"monotonic":true,"aggregationTemporality":"DELTA"}},{"name":"workspaceModel.mutableEntityStorage.resolve.ms","description":"","unit":"","type":"LONG_SUM","data":{"points":[{"startEpochNanos":1744440140336000000,"epochNanos":1744440200353000000,"attributes":{"empty":true},"value":0}],"monotonic":true,"aggregationTemporality":"DELTA"}},{"name":"workspaceModel.mutableEntityStorage.apply.changes.from.ms","description":"","unit":"","type":"LONG_SUM","data":{"points":[{"startEpochNanos":1744440140336000000,"epochNanos":1744440200353000000,"attributes":{"empty":true},"value":12}],"monotonic":true,"aggregationTemporality":"DELTA"}},{"name":"workspaceModel.global.apply.state.to.project.builder.ms","description":"","unit":"","type":"LONG_SUM","data":{"points":[{"startEpochNanos":1744440140336000000,"epochNanos":1744440200353000000,"attributes":{"empty":true},"value":2}],"monotonic":true,"aggregationTemporality":"DELTA"}},{"name":"workspaceModel.moduleBridge.before.changed.ms","description":"","unit":"","type":"LONG_SUM","data":{"points":[{"startEpochNanos":1744440140336000000,"epochNanos":1744440200353000000,"attributes":{"empty":true},"value":0}],"monotonic":true,"aggregationTemporality":"DELTA"}},{"name":"jps.library.entities.serializer.load.entities.ms","description":"","unit":"","type":"LONG_SUM","data":{"points":[{"startEpochNanos":1744440140336000000,"epochNanos":1744440200353000000,"attributes":{"empty":true},"value":2}],"monotonic":true,"aggregationTemporality":"DELTA"}},{"name":"jps.load.initial.state.ms","description":"","unit":"","type":"LONG_SUM","data":{"points":[{"startEpochNanos":1744440140336000000,"epochNanos":1744440200353000000,"attributes":{"empty":true},"value":12}],"monotonic":true,"aggregationTemporality":"DELTA"}},{"name":"jps.library.entities.serializer.save.entities.ms","description":"","unit":"","type":"LONG_SUM","data":{"points":[{"startEpochNanos":1744440140336000000,"epochNanos":1744440200353000000,"attributes":{"empty":true},"value":0}],"monotonic":true,"aggregationTemporality":"DELTA"}},{"name":"jps.global.handle.changed.events.ms","description":"","unit":"","type":"LONG_SUM","data":{"points":[{"startEpochNanos":1744440140336000000,"epochNanos":1744440200353000000,"attributes":{"empty":true},"value":0}],"monotonic":true,"aggregationTemporality":"DELTA"}},{"name":"jps.load.project.to.empty.storage.ms","description":"","unit":"","type":"LONG_SUM","data":{"points":[{"startEpochNanos":1744440140336000000,"epochNanos":1744440200353000000,"attributes":{"empty":true},"value":247}],"monotonic":true,"aggregationTemporality":"DELTA"}},{"name":"jps.app.storage.content.reader.load.component.ms","description":"","unit":"","type":"LONG_SUM","data":{"points":[{"startEpochNanos":1744440140336000000,"epochNanos":1744440200353000000,"attributes":{"empty":true},"value":0}],"monotonic":true,"aggregationTemporality":"DELTA"}},{"name":"workspaceModel.mutableEntityStorage.put.entity.ms","description":"","unit":"","type":"LONG_SUM","data":{"points":[{"startEpochNanos":1744440140336000000,"epochNanos":1744440200353000000,"attributes":{"empty":true},"value":16}],"monotonic":true,"aggregationTemporality":"DELTA"}},{"name":"jps.reload.project.entities.ms","description":"","unit":"","type":"LONG_SUM","data":{"points":[{"startEpochNanos":1744440140336000000,"epochNanos":1744440200353000000,"attributes":{"empty":true},"value":0}],"monotonic":true,"aggregationTemporality":"DELTA"}},{"name":"workspaceModel.moduleManagerBridge.set.unloadedModules.ms","description":"","unit":"","type":"LONG_SUM","data":{"points":[{"startEpochNanos":1744440140336000000,"epochNanos":1744440200353000000,"attributes":{"empty":true},"value":0}],"monotonic":true,"aggregationTemporality":"DELTA"}},{"name":"workspaceModel.do.save.caches.ms","description":"","unit":"","type":"LONG_SUM","data":{"points":[{"startEpochNanos":1744440140336000000,"epochNanos":1744440200353000000,"attributes":{"empty":true},"value":132}],"monotonic":true,"aggregationTemporality":"DELTA"}},{"name":"jps.global.get.library.by.name.ms","description":"","unit":"","type":"LONG_SUM","data":{"points":[{"startEpochNanos":1744440140336000000,"epochNanos":1744440200353000000,"attributes":{"empty":true},"value":0}],"monotonic":true,"aggregationTemporality":"DELTA"}},{"name":"jps.save.changed.project.entities.ms","description":"","unit":"","type":"LONG_SUM","data":{"points":[{"startEpochNanos":1744440140336000000,"epochNanos":1744440200353000000,"attributes":{"empty":true},"value":0}],"monotonic":true,"aggregationTemporality":"DELTA"}},{"name":"jps.facet.change.listener.before.change.events.ms","description":"","unit":"","type":"LONG_SUM","data":{"points":[{"startEpochNanos":1744440140336000000,"epochNanos":1744440200353000000,"attributes":{"empty":true},"value":0}],"monotonic":true,"aggregationTemporality":"DELTA"}},{"name":"workspaceModel.moduleManagerBridge.build.module.graph.ms","description":"","unit":"","type":"LONG_SUM","data":{"points":[{"startEpochNanos":1744440140336000000,"epochNanos":1744440200353000000,"attributes":{"empty":true},"value":1}],"monotonic":true,"aggregationTemporality":"DELTA"}},{"name":"jps.apply.loaded.storage.ms","description":"","unit":"","type":"LONG_SUM","data":{"points":[{"startEpochNanos":1744440140336000000,"epochNanos":1744440200353000000,"attributes":{"empty":true},"value":60}],"monotonic":true,"aggregationTemporality":"DELTA"}},{"name":"workspaceModel.global.updates.count","description":"","unit":"","type":"LONG_SUM","data":{"points":[{"startEpochNanos":1744440140336000000,"epochNanos":1744440200353000000,"attributes":{"empty":true},"value":0}],"monotonic":true,"aggregationTemporality":"DELTA"}},{"name":"workspaceModel.mutableEntityStorage.collect.changes.ms","description":"","unit":"","type":"LONG_SUM","data":{"points":[{"startEpochNanos":1744440140336000000,"epochNanos":1744440200353000000,"attributes":{"empty":true},"value":0}],"monotonic":true,"aggregationTemporality":"DELTA"}},{"name":"workspaceModel.mutableEntityStorage.changeLog.addReplaceEventForRemovedChild.ms","description":"","unit":"","type":"LONG_SUM","data":{"points":[{"startEpochNanos":1744440140336000000,"epochNanos":1744440200353000000,"attributes":{"empty":true},"value":0}],"monotonic":true,"aggregationTemporality":"DELTA"}},{"name":"workspaceModel.mutableEntityStorage.instances.count","description":"","unit":"","type":"LONG_SUM","data":{"points":[{"startEpochNanos":1744440140336000000,"epochNanos":1744440200353000000,"attributes":{"empty":true},"value":31}],"monotonic":true,"aggregationTemporality":"DELTA"}},{"name":"jps.global.get.library.ms","description":"","unit":"","type":"LONG_SUM","data":{"points":[{"startEpochNanos":1744440140336000000,"epochNanos":1744440200353000000,"attributes":{"empty":true},"value":0}],"monotonic":true,"aggregationTemporality":"DELTA"}},{"name":"jps.artifact.entities.serializer.save.entities.ms","description":"","unit":"","type":"LONG_SUM","data":{"points":[{"startEpochNanos":1744440140336000000,"epochNanos":1744440200353000000,"attributes":{"empty":true},"value":0}],"monotonic":true,"aggregationTemporality":"DELTA"}},{"name":"workspaceModel.mutableEntityStorage.changeLog.addReplaceEventForNewParent.ms","description":"","unit":"","type":"LONG_SUM","data":{"points":[{"startEpochNanos":1744440140336000000,"epochNanos":1744440200353000000,"attributes":{"empty":true},"value":0}],"monotonic":true,"aggregationTemporality":"DELTA"}},{"name":"workspaceModel.delayed.project.synchronizer.sync.ms","description":"","unit":"","type":"LONG_SUM","data":{"points":[{"startEpochNanos":1744440140336000000,"epochNanos":1744440200353000000,"attributes":{"empty":true},"value":0}],"monotonic":true,"aggregationTemporality":"DELTA"}},{"name":"workspaceModel.mutableEntityStorage.mutable.ext.mapping.ms","description":"","unit":"","type":"LONG_SUM","data":{"points":[{"startEpochNanos":1744440140336000000,"epochNanos":1744440200353000000,"attributes":{"empty":true},"value":1}],"monotonic":true,"aggregationTemporality":"DELTA"}},{"name":"workspaceModel.mutableEntityStorage.changeLog.addReplaceEventForRemovedParent.ms","description":"","unit":"","type":"LONG_SUM","data":{"points":[{"startEpochNanos":1744440140336000000,"epochNanos":1744440200353000000,"attributes":{"empty":true},"value":0}],"monotonic":true,"aggregationTemporality":"DELTA"}},{"name":"jps.project.serializers.load.ms","description":"","unit":"","type":"LONG_SUM","data":{"points":[{"startEpochNanos":1744440140336000000,"epochNanos":1744440200353000000,"attributes":{"empty":true},"value":163}],"monotonic":true,"aggregationTemporality":"DELTA"}},{"name":"workspaceModel.mutableEntityStorage.mutable.vfurl.index.ms","description":"","unit":"","type":"LONG_SUM","data":{"points":[{"startEpochNanos":1744440140336000000,"epochNanos":1744440200353000000,"attributes":{"empty":true},"value":0}],"monotonic":true,"aggregationTemporality":"DELTA"}},{"name":"workspaceModel.mutableEntityStorage.remove.entity.ms","description":"","unit":"","type":"LONG_SUM","data":{"points":[{"startEpochNanos":1744440140336000000,"epochNanos":1744440200353000000,"attributes":{"empty":true},"value":0}],"monotonic":true,"aggregationTemporality":"DELTA"}},{"name":"workspaceModel.moduleManagerBridge.get.modules.ms","description":"","unit":"","type":"LONG_SUM","data":{"points":[{"startEpochNanos":1744440140336000000,"epochNanos":1744440200353000000,"attributes":{"empty":true},"value":0}],"monotonic":true,"aggregationTemporality":"DELTA"}},{"name":"jps.facet.change.listener.process.change.events.ms","description":"","unit":"","type":"LONG_SUM","data":{"points":[{"startEpochNanos":1744440140336000000,"epochNanos":1744440200353000000,"attributes":{"empty":true},"value":2}],"monotonic":true,"aggregationTemporality":"DELTA"}},{"name":"workspaceModel.mutableEntityStorage.entities.ms","description":"","unit":"","type":"LONG_SUM","data":{"points":[{"startEpochNanos":1744440140336000000,"epochNanos":1744440200353000000,"attributes":{"empty":true},"value":1}],"monotonic":true,"aggregationTemporality":"DELTA"}},{"name":"workspaceModel.moduleManagerBridge.new.nonPersistent.module.ms","description":"","unit":"","type":"LONG_SUM","data":{"points":[{"startEpochNanos":1744440140336000000,"epochNanos":1744440200353000000,"attributes":{"empty":true},"value":0}],"monotonic":true,"aggregationTemporality":"DELTA"}},{"name":"workspaceModel.sync.entities.ms","description":"","unit":"","type":"LONG_SUM","data":{"points":[{"startEpochNanos":1744440140336000000,"epochNanos":1744440200353000000,"attributes":{"empty":true},"value":0}],"monotonic":true,"aggregationTemporality":"DELTA"}},{"name":"workspaceModel.mutableEntityStorage.to.snapshot.ms","description":"","unit":"","type":"LONG_SUM","data":{"points":[{"startEpochNanos":1744440140336000000,"epochNanos":1744440200353000000,"attributes":{"empty":true},"value":1}],"monotonic":true,"aggregationTemporality":"DELTA"}},{"name":"writeAction.wait.ms","description":"Total time waiting for the write lock","unit":"ms","type":"LONG_SUM","data":{"points":[{"startEpochNanos":1744440140336000000,"epochNanos":1744440200353000000,"attributes":{"empty":true},"value":59}],"monotonic":true,"aggregationTemporality":"DELTA"}},{"name":"writeAction.count","description":"Number of write actions run","unit":"","type":"LONG_SUM","data":{"points":[{"startEpochNanos":1744440140336000000,"epochNanos":1744440200353000000,"attributes":{"empty":true},"value":12}],"monotonic":true,"aggregationTemporality":"DELTA"}},{"name":"writeAction.max.wait.ms","description":"Max time waiting for the write lock","unit":"ms","type":"LONG_GAUGE","data":{"points":[{"startEpochNanos":1744440140336000000,"epochNanos":1744440200353000000,"attributes":{"empty":true},"value":41}]}},{"name":"DiskQueryRelay.tasksExecuted","description":"","unit":"","type":"LONG_SUM","data":{"points":[{"startEpochNanos":1744440140336000000,"epochNanos":1744440200353000000,"attributes":{"empty":true},"value":26925}],"monotonic":true,"aggregationTemporality":"DELTA"}},{"name":"DiskQueryRelay.tasksRequested","description":"","unit":"","type":"LONG_SUM","data":{"points":[{"startEpochNanos":1744440140336000000,"epochNanos":1744440200353000000,"attributes":{"empty":true},"value":26925}],"monotonic":true,"aggregationTemporality":"DELTA"}},{"name":"DiskQueryRelay.taskExecutionTotalTimeUs","description":"","unit":"","type":"LONG_SUM","data":{"points":[{"startEpochNanos":1744440140336000000,"epochNanos":1744440200353000000,"attributes":{"empty":true},"value":4226215}],"monotonic":true,"aggregationTemporality":"DELTA"}},{"name":"writeAction.median.wait.ms","description":"Median time waiting for the write lock, step 100 ms","unit":"ms","type":"LONG_GAUGE","data":{"points":[{"startEpochNanos":1744440140336000000,"epochNanos":1744440200353000000,"attributes":{"empty":true},"value":0}]}},{"name":"DiskQueryRelay.taskWaitingTotalTimeUs","description":"","unit":"","type":"LONG_SUM","data":{"points":[{"startEpochNanos":1744440140336000000,"epochNanos":1744440200353000000,"attributes":{"empty":true},"value":14949301}],"monotonic":true,"aggregationTemporality":"DELTA"}},{"name":"workspaceModel.workspaceFileIndexData.processFileSets.ms","description":"","unit":"","type":"LONG_SUM","data":{"points":[{"startEpochNanos":1744440140336000000,"epochNanos":1744440200353000000,"attributes":{"empty":true},"value":0}],"monotonic":true,"aggregationTemporality":"DELTA"}},{"name":"workspaceModel.workspaceFileIndexData.init.ms","description":"","unit":"","type":"LONG_SUM","data":{"points":[{"startEpochNanos":1744440140336000000,"epochNanos":1744440200353000000,"attributes":{"empty":true},"value":11}],"monotonic":true,"aggregationTemporality":"DELTA"}},{"name":"workspaceModel.cachedValueWithParameters.from.cache.count","description":"","unit":"","type":"LONG_SUM","data":{"points":[{"startEpochNanos":1744440140336000000,"epochNanos":1744440200353000000,"attributes":{"empty":true},"value":0}],"monotonic":true,"aggregationTemporality":"DELTA"}},{"name":"workspaceModel.cachedValue.total.get.count","description":"","unit":"","type":"LONG_SUM","data":{"points":[{"startEpochNanos":1744440140336000000,"epochNanos":1744440200353000000,"attributes":{"empty":true},"value":45}],"monotonic":true,"aggregationTemporality":"DELTA"}},{"name":"workspaceModel.updates.precise.ms","description":"","unit":"","type":"LONG_SUM","data":{"points":[{"startEpochNanos":1744440140336000000,"epochNanos":1744440200353000000,"attributes":{"empty":true},"value":3}],"monotonic":true,"aggregationTemporality":"DELTA"}},{"name":"workspaceModel.cachedValueWithParameters.total.get.count","description":"","unit":"","type":"LONG_SUM","data":{"points":[{"startEpochNanos":1744440140336000000,"epochNanos":1744440200353000000,"attributes":{"empty":true},"value":0}],"monotonic":true,"aggregationTemporality":"DELTA"}},{"name":"workspaceModel.cachedValueWithParameters.calculated.count","description":"","unit":"","type":"LONG_SUM","data":{"points":[{"startEpochNanos":1744440140336000000,"epochNanos":1744440200353000000,"attributes":{"empty":true},"value":0}],"monotonic":true,"aggregationTemporality":"DELTA"}},{"name":"workspaceModel.entityStorageSnapshotImpl.instances.count","description":"","unit":"","type":"LONG_SUM","data":{"points":[{"startEpochNanos":1744440140336000000,"epochNanos":1744440200353000000,"attributes":{"empty":true},"value":15}],"monotonic":true,"aggregationTemporality":"DELTA"}},{"name":"workspaceModel.collect.changes.ms","description":"","unit":"","type":"LONG_SUM","data":{"points":[{"startEpochNanos":1744440140336000000,"epochNanos":1744440200353000000,"attributes":{"empty":true},"value":0}],"monotonic":true,"aggregationTemporality":"DELTA"}},{"name":"workspaceModel.workspaceFileIndexData.visitFileSets.ms","description":"","unit":"","type":"LONG_SUM","data":{"points":[{"startEpochNanos":1744440140336000000,"epochNanos":1744440200353000000,"attributes":{"empty":true},"value":0}],"monotonic":true,"aggregationTemporality":"DELTA"}},{"name":"workspaceModel.cachedValueWithParameters.clear.count","description":"","unit":"","type":"LONG_SUM","data":{"points":[{"startEpochNanos":1744440140336000000,"epochNanos":1744440200353000000,"attributes":{"empty":true},"value":0}],"monotonic":true,"aggregationTemporality":"DELTA"}},{"name":"workspaceModel.loading.total.ms","description":"","unit":"","type":"LONG_SUM","data":{"points":[{"startEpochNanos":1744440140336000000,"epochNanos":1744440200353000000,"attributes":{"empty":true},"value":53}],"monotonic":true,"aggregationTemporality":"DELTA"}},{"name":"workspaceModel.cachedValue.clear.count","description":"","unit":"","type":"LONG_SUM","data":{"points":[{"startEpochNanos":1744440140336000000,"epochNanos":1744440200353000000,"attributes":{"empty":true},"value":2}],"monotonic":true,"aggregationTemporality":"DELTA"}},{"name":"workspaceModel.pre.handlers.ms","description":"","unit":"","type":"LONG_SUM","data":{"points":[{"startEpochNanos":1744440140336000000,"epochNanos":1744440200353000000,"attributes":{"empty":true},"value":2}],"monotonic":true,"aggregationTemporality":"DELTA"}},{"name":"workspaceModel.full.replace.project.model.ms","description":"","unit":"","type":"LONG_SUM","data":{"points":[{"startEpochNanos":1744440140336000000,"epochNanos":1744440200353000000,"attributes":{"empty":true},"value":47}],"monotonic":true,"aggregationTemporality":"DELTA"}},{"name":"workspaceModel.check.recursive.update.ms","description":"","unit":"","type":"LONG_SUM","data":{"points":[{"startEpochNanos":1744440140336000000,"epochNanos":1744440200353000000,"attributes":{"empty":true},"value":1}],"monotonic":true,"aggregationTemporality":"DELTA"}},{"name":"workspaceModel.initializing.ms","description":"","unit":"","type":"LONG_SUM","data":{"points":[{"startEpochNanos":1744440140336000000,"epochNanos":1744440200353000000,"attributes":{"empty":true},"value":41}],"monotonic":true,"aggregationTemporality":"DELTA"}},{"name":"workspaceModel.init.bridges.ms","description":"","unit":"","type":"LONG_SUM","data":{"points":[{"startEpochNanos":1744440140336000000,"epochNanos":1744440200353000000,"attributes":{"empty":true},"value":42}],"monotonic":true,"aggregationTemporality":"DELTA"}},{"name":"workspaceModel.to.snapshot.ms","description":"","unit":"","type":"LONG_SUM","data":{"points":[{"startEpochNanos":1744440140336000000,"epochNanos":1744440200353000000,"attributes":{"empty":true},"value":0}],"monotonic":true,"aggregationTemporality":"DELTA"}},{"name":"workspaceModel.workspaceFileIndexData.markDirty.ms","description":"","unit":"","type":"LONG_SUM","data":{"points":[{"startEpochNanos":1744440140336000000,"epochNanos":1744440200353000000,"attributes":{"empty":true},"value":0}],"monotonic":true,"aggregationTemporality":"DELTA"}},{"name":"workspaceModel.loading.from.cache.ms","description":"","unit":"","type":"LONG_SUM","data":{"points":[{"startEpochNanos":1744440140336000000,"epochNanos":1744440200353000000,"attributes":{"empty":true},"value":46}],"monotonic":true,"aggregationTemporality":"DELTA"}},{"name":"workspaceModel.workspaceFileIndexData.getFileInfo.ms","description":"","unit":"","type":"LONG_SUM","data":{"points":[{"startEpochNanos":1744440140336000000,"epochNanos":1744440200353000000,"attributes":{"empty":true},"value":215}],"monotonic":true,"aggregationTemporality":"DELTA"}},{"name":"workspaceModel.replace.project.model.ms","description":"","unit":"","type":"LONG_SUM","data":{"points":[{"startEpochNanos":1744440140336000000,"epochNanos":1744440200353000000,"attributes":{"empty":true},"value":0}],"monotonic":true,"aggregationTemporality":"DELTA"}},{"name":"workspaceModel.updates.ms","description":"","unit":"","type":"LONG_SUM","data":{"points":[{"startEpochNanos":1744440140336000000,"epochNanos":1744440200353000000,"attributes":{"empty":true},"value":148}],"monotonic":true,"aggregationTemporality":"DELTA"}},{"name":"workspaceModel.workspaceFileIndexData.getDirectoriesByPackageName.ms","description":"","unit":"","type":"LONG_SUM","data":{"points":[{"startEpochNanos":1744440140336000000,"epochNanos":1744440200353000000,"attributes":{"empty":true},"value":0}],"monotonic":true,"aggregationTemporality":"DELTA"}},{"name":"workspaceModel.workspaceFileIndexData.getPackageName.ms","description":"","unit":"","type":"LONG_SUM","data":{"points":[{"startEpochNanos":1744440140336000000,"epochNanos":1744440200353000000,"attributes":{"empty":true},"value":0}],"monotonic":true,"aggregationTemporality":"DELTA"}},{"name":"workspaceModel.cachedValue.from.cache.count","description":"","unit":"","type":"LONG_SUM","data":{"points":[{"startEpochNanos":1744440140336000000,"epochNanos":1744440200353000000,"attributes":{"empty":true},"value":34}],"monotonic":true,"aggregationTemporality":"DELTA"}},{"name":"workspaceModel.update.unloaded.entities.ms","description":"","unit":"","type":"LONG_SUM","data":{"points":[{"startEpochNanos":1744440140336000000,"epochNanos":1744440200353000000,"attributes":{"empty":true},"value":0}],"monotonic":true,"aggregationTemporality":"DELTA"}},{"name":"workspaceModel.on.changed.ms","description":"","unit":"","type":"LONG_SUM","data":{"points":[{"startEpochNanos":1744440140336000000,"epochNanos":1744440200353000000,"attributes":{"empty":true},"value":56}],"monotonic":true,"aggregationTemporality":"DELTA"}},{"name":"workspaceModel.on.before.changed.ms","description":"","unit":"","type":"LONG_SUM","data":{"points":[{"startEpochNanos":1744440140336000000,"epochNanos":1744440200353000000,"attributes":{"empty":true},"value":47}],"monotonic":true,"aggregationTemporality":"DELTA"}},{"name":"workspaceModel.workspaceFileIndexData.updateDirtyEntities.ms","description":"","unit":"","type":"LONG_SUM","data":{"points":[{"startEpochNanos":1744440140336000000,"epochNanos":1744440200353000000,"attributes":{"empty":true},"value":0}],"monotonic":true,"aggregationTemporality":"DELTA"}},{"name":"workspaceModel.cachedValue.calculated.count","description":"","unit":"","type":"LONG_SUM","data":{"points":[{"startEpochNanos":1744440140336000000,"epochNanos":1744440200353000000,"attributes":{"empty":true},"value":11}],"monotonic":true,"aggregationTemporality":"DELTA"}},{"name":"workspaceModel.workspaceFileIndexContributor.registerFileSets.ms","description":"","unit":"","type":"LONG_SUM","data":{"points":[{"startEpochNanos":1744440140336000000,"epochNanos":1744440200353000000,"attributes":{"empty":true},"value":60}],"monotonic":true,"aggregationTemporality":"DELTA"}},{"name":"workspaceModel.updates.count","description":"","unit":"","type":"LONG_SUM","data":{"points":[{"startEpochNanos":1744440140336000000,"epochNanos":1744440200353000000,"attributes":{"empty":true},"value":3}],"monotonic":true,"aggregationTemporality":"DELTA"}},{"name":"workspaceModel.workspaceFileIndexData.instances.count","description":"","unit":"","type":"LONG_SUM","data":{"points":[{"startEpochNanos":1744440140336000000,"epochNanos":1744440200353000000,"attributes":{"empty":true},"value":1}],"monotonic":true,"aggregationTemporality":"DELTA"}},{"name":"workspaceModel.workspaceFileIndexData.onEntitiesChanged.ms","description":"","unit":"","type":"LONG_SUM","data":{"points":[{"startEpochNanos":1744440140336000000,"epochNanos":1744440200353000000,"attributes":{"empty":true},"value":42}],"monotonic":true,"aggregationTemporality":"DELTA"}},{"name":"FilePageCacheLockFree.totalClosedStoragesReclaimed","description":"","unit":"","type":"LONG_SUM","data":{"points":[{"startEpochNanos":1744440140336000000,"epochNanos":1744440200353000000,"attributes":{"empty":true},"value":0}],"monotonic":true,"aggregationTemporality":"DELTA"}},{"name":"FilePageCacheLockFree.totalPagesRequested","description":"","unit":"","type":"LONG_SUM","data":{"points":[{"startEpochNanos":1744440140336000000,"epochNanos":1744440200353000000,"attributes":{"empty":true},"value":0}],"monotonic":true,"aggregationTemporality":"DELTA"}},{"name":"FilePageCacheLockFree.totalPagesHandedOver","description":"","unit":"","type":"LONG_SUM","data":{"points":[{"startEpochNanos":1744440140336000000,"epochNanos":1744440200353000000,"attributes":{"empty":true},"value":0}],"monotonic":true,"aggregationTemporality":"DELTA"}},{"name":"FilePageCacheLockFree.totalHeapBytesReclaimed","description":"","unit":"","type":"LONG_SUM","data":{"points":[{"startEpochNanos":1744440140336000000,"epochNanos":1744440200353000000,"attributes":{"empty":true},"value":0}],"monotonic":true,"aggregationTemporality":"DELTA"}},{"name":"DirectByteBufferAllocator.reclaimed","description":"","unit":"","type":"LONG_SUM","data":{"points":[{"startEpochNanos":1744440140336000000,"epochNanos":1744440200353000000,"attributes":{"empty":true},"value":3}],"monotonic":true,"aggregationTemporality":"DELTA"}},{"name":"StorageLockContext.competingThreads.90P","description":"","unit":"","type":"LONG_GAUGE","data":{"points":[{"startEpochNanos":1744440140336000000,"epochNanos":1744440200353000000,"attributes":{"empty":true},"value":0}]}},{"name":"DirectByteBufferAllocator.totalSizeOfBuffersCachedInBytes","description":"","unit":"bytes","type":"LONG_GAUGE","data":{"points":[{"startEpochNanos":1744440140336000000,"epochNanos":1744440200353000000,"attributes":{"empty":true},"value":0}]}},{"name":"FilePageCache.uncachedFileAccess","description":"","unit":"","type":"LONG_SUM","data":{"points":[{"startEpochNanos":1744440140336000000,"epochNanos":1744440200353000000,"attributes":{"empty":true},"value":468}],"monotonic":true,"aggregationTemporality":"DELTA"}},{"name":"DirectByteBufferAllocator.disposed","description":"","unit":"","type":"LONG_SUM","data":{"points":[{"startEpochNanos":1744440140336000000,"epochNanos":1744440200353000000,"attributes":{"empty":true},"value":0}],"monotonic":true,"aggregationTemporality":"DELTA"}},{"name":"StreamlinedBlobStorage.recordsAllocated","description":"","unit":"","type":"LONG_SUM","data":{"points":[{"startEpochNanos":1744440140336000000,"epochNanos":1744440200353000000,"attributes":{"empty":false},"value":25861}],"monotonic":true,"aggregationTemporality":"DELTA"}},{"name":"FilePageCache.maxCacheSizeInBytes","description":"Max size of all cached pages observed since application start","unit":"bytes","type":"LONG_GAUGE","data":{"points":[{"startEpochNanos":1744440140336000000,"epochNanos":1744440200353000000,"attributes":{"empty":true},"value":358612992}]}},{"name":"FilePageCacheLockFree.totalPagesWriteMs","description":"","unit":"","type":"LONG_SUM","data":{"points":[{"startEpochNanos":1744440140336000000,"epochNanos":1744440200353000000,"attributes":{"empty":true},"value":0}],"monotonic":true,"aggregationTemporality":"DELTA"}},{"name":"FilePageCacheLockFree.totalPagesAllocated","description":"","unit":"","type":"LONG_SUM","data":{"points":[{"startEpochNanos":1744440140336000000,"epochNanos":1744440200353000000,"attributes":{"empty":true},"value":0}],"monotonic":true,"aggregationTemporality":"DELTA"}},{"name":"FilePageCacheLockFree.nativeBytesInUse","description":"","unit":"","type":"LONG_GAUGE","data":{"points":[{"startEpochNanos":1744440140336000000,"epochNanos":1744440200353000000,"attributes":{"empty":true},"value":0}]}},{"name":"FilePageCacheLockFree.totalPagesWritten","description":"","unit":"","type":"LONG_SUM","data":{"points":[{"startEpochNanos":1744440140336000000,"epochNanos":1744440200353000000,"attributes":{"empty":true},"value":0}],"monotonic":true,"aggregationTemporality":"DELTA"}},{"name":"MappedFileStorage.totalBytesMapped","description":"Total size of MappedByteBuffers in use by MappedFileStorage at the moment","unit":"bytes","type":"LONG_GAUGE","data":{"points":[{"startEpochNanos":1744440140336000000,"epochNanos":1744440200353000000,"attributes":{"empty":true},"value":173277184}]}},{"name":"MappedFileStorage.storages","description":"MappedFileStorage instances in operation at the moment","unit":"","type":"LONG_GAUGE","data":{"points":[{"startEpochNanos":1744440140336000000,"epochNanos":1744440200353000000,"attributes":{"empty":true},"value":9}]}},{"name":"FilePageCache.pageLoads","description":"","unit":"","type":"LONG_SUM","data":{"points":[{"startEpochNanos":1744440140336000000,"epochNanos":1744440200353000000,"attributes":{"empty":true},"value":345}],"monotonic":true,"aggregationTemporality":"DELTA"}},{"name":"FilePageCacheLockFree.totalBytesWritten","description":"","unit":"","type":"LONG_SUM","data":{"points":[{"startEpochNanos":1744440140336000000,"epochNanos":1744440200353000000,"attributes":{"empty":true},"value":0}],"monotonic":true,"aggregationTemporality":"DELTA"}},{"name":"FilePageCache.maxRegisteredFiles","description":"","unit":"","type":"LONG_GAUGE","data":{"points":[{"startEpochNanos":1744440140336000000,"epochNanos":1744440200353000000,"attributes":{"empty":true},"value":896}]}},{"name":"FilePageCache.pageLoadsAboveSizeThreshold","description":"","unit":"","type":"LONG_SUM","data":{"points":[{"startEpochNanos":1744440140336000000,"epochNanos":1744440200353000000,"attributes":{"empty":true},"value":0}],"monotonic":true,"aggregationTemporality":"DELTA"}},{"name":"FilePageCacheLockFree.totalBytesRequested","description":"","unit":"","type":"LONG_SUM","data":{"points":[{"startEpochNanos":1744440140336000000,"epochNanos":1744440200353000000,"attributes":{"empty":true},"value":0}],"monotonic":true,"aggregationTemporality":"DELTA"}},{"name":"StreamlinedBlobStorage.recordsRelocated","description":"","unit":"","type":"LONG_SUM","data":{"points":[{"startEpochNanos":1744440140336000000,"epochNanos":1744440200353000000,"attributes":{"empty":false},"value":0}],"monotonic":true,"aggregationTemporality":"DELTA"}},{"name":"MappedFileStorage.totalTimeSpentOnMappingUs","description":"Total time (us) spent inside Page.map() method (file expansion/zeroing, + mmap)","unit":"us","type":"LONG_GAUGE","data":{"points":[{"startEpochNanos":1744440140336000000,"epochNanos":1744440200353000000,"attributes":{"empty":true},"value":209791}]}},{"name":"DirectByteBufferAllocator.misses","description":"","unit":"","type":"LONG_SUM","data":{"points":[{"startEpochNanos":1744440140336000000,"epochNanos":1744440200353000000,"attributes":{"empty":true},"value":342}],"monotonic":true,"aggregationTemporality":"DELTA"}},{"name":"FilePageCacheLockFree.totalNativeBytesAllocated","description":"","unit":"","type":"LONG_SUM","data":{"points":[{"startEpochNanos":1744440140336000000,"epochNanos":1744440200353000000,"attributes":{"empty":true},"value":0}],"monotonic":true,"aggregationTemporality":"DELTA"}},{"name":"FilePageCacheLockFree.totalPagesReclaimed","description":"","unit":"","type":"LONG_SUM","data":{"points":[{"startEpochNanos":1744440140336000000,"epochNanos":1744440200353000000,"attributes":{"empty":true},"value":0}],"monotonic":true,"aggregationTemporality":"DELTA"}},{"name":"FilePageCacheLockFree.totalPagesReadMs","description":"","unit":"","type":"LONG_SUM","data":{"points":[{"startEpochNanos":1744440140336000000,"epochNanos":1744440200353000000,"attributes":{"empty":true},"value":0}],"monotonic":true,"aggregationTemporality":"DELTA"}},{"name":"StorageLockContext.competingThreads.max","description":"","unit":"","type":"LONG_GAUGE","data":{"points":[{"startEpochNanos":1744440140336000000,"epochNanos":1744440200353000000,"attributes":{"empty":true},"value":0}]}},{"name":"FilePageCacheLockFree.heapBytesInUse","description":"","unit":"","type":"LONG_GAUGE","data":{"points":[{"startEpochNanos":1744440140336000000,"epochNanos":1744440200353000000,"attributes":{"empty":true},"value":0}]}},{"name":"FilePageCache.totalPageLoadsUs","description":"","unit":"us","type":"LONG_SUM","data":{"points":[{"startEpochNanos":1744440140336000000,"epochNanos":1744440200353000000,"attributes":{"empty":true},"value":218168}],"monotonic":true,"aggregationTemporality":"DELTA"}},{"name":"FileChannelInterruptsRetryer.totalRetriedAttempts","description":"","unit":"","type":"LONG_SUM","data":{"points":[{"startEpochNanos":1744440140336000000,"epochNanos":1744440200353000000,"attributes":{"empty":true},"value":0}],"monotonic":true,"aggregationTemporality":"DELTA"}},{"name":"StorageLockContext.competingThreads.avg","description":"","unit":"","type":"DOUBLE_GAUGE","data":{"points":[{"startEpochNanos":1744440140336000000,"epochNanos":1744440200353000000,"attributes":{"empty":true},"value":0.0}]}},{"name":"FilePageCacheLockFree.housekeeperTurnsDone","description":"","unit":"","type":"LONG_SUM","data":{"points":[{"startEpochNanos":1744440140336000000,"epochNanos":1744440200353000000,"attributes":{"empty":true},"value":0}],"monotonic":true,"aggregationTemporality":"DELTA"}},{"name":"FilePageCache.totalPageDisposalsUs","description":"","unit":"us","type":"LONG_SUM","data":{"points":[{"startEpochNanos":1744440140336000000,"epochNanos":1744440200353000000,"attributes":{"empty":true},"value":1343}],"monotonic":true,"aggregationTemporality":"DELTA"}},{"name":"FilePageCacheLockFree.housekeeperTimeSpentMs","description":"","unit":"","type":"LONG_SUM","data":{"points":[{"startEpochNanos":1744440140336000000,"epochNanos":1744440200353000000,"attributes":{"empty":true},"value":0}],"monotonic":true,"aggregationTemporality":"DELTA"}},{"name":"FilePageCacheLockFree.housekeeperTurnsSkipped","description":"","unit":"","type":"LONG_SUM","data":{"points":[{"startEpochNanos":1744440140336000000,"epochNanos":1744440200353000000,"attributes":{"empty":true},"value":0}],"monotonic":true,"aggregationTemporality":"DELTA"}},{"name":"FilePageCacheLockFree.totalBytesRead","description":"","unit":"","type":"LONG_SUM","data":{"points":[{"startEpochNanos":1744440140336000000,"epochNanos":1744440200353000000,"attributes":{"empty":true},"value":0}],"monotonic":true,"aggregationTemporality":"DELTA"}},{"name":"StreamlinedBlobStorage.totalLiveRecordsCapacityBytes","description":"","unit":"","type":"LONG_SUM","data":{"points":[{"startEpochNanos":1744440140336000000,"epochNanos":1744440200353000000,"attributes":{"empty":false},"value":1826211}],"monotonic":false,"aggregationTemporality":"DELTA"}},{"name":"FilePageCacheLockFree.totalHeapBytesAllocated","description":"","unit":"","type":"LONG_SUM","data":{"points":[{"startEpochNanos":1744440140336000000,"epochNanos":1744440200353000000,"attributes":{"empty":true},"value":0}],"monotonic":true,"aggregationTemporality":"DELTA"}},{"name":"FilePageCacheLockFree.totalPageAllocationsWaited","description":"","unit":"","type":"LONG_SUM","data":{"points":[{"startEpochNanos":1744440140336000000,"epochNanos":1744440200353000000,"attributes":{"empty":true},"value":0}],"monotonic":true,"aggregationTemporality":"DELTA"}},{"name":"FilePageCache.capacityInBytes","description":"Cache capacity, configured on application startup","unit":"bytes","type":"LONG_GAUGE","data":{"points":[{"startEpochNanos":1744440140336000000,"epochNanos":1744440200353000000,"attributes":{"empty":true},"value":503316478}]}},{"name":"DirectByteBufferAllocator.totalSizeOfBuffersAllocatedInBytes","description":"","unit":"bytes","type":"LONG_GAUGE","data":{"points":[{"startEpochNanos":1744440140336000000,"epochNanos":1744440200353000000,"attributes":{"empty":true},"value":358612992}]}},{"name":"FilePageCache.pageHits","description":"","unit":"","type":"LONG_SUM","data":{"points":[{"startEpochNanos":1744440140336000000,"epochNanos":1744440200353000000,"attributes":{"empty":true},"value":0}],"monotonic":true,"aggregationTemporality":"DELTA"}},{"name":"FilePageCacheLockFree.totalPagesRequestsMs","description":"","unit":"","type":"LONG_SUM","data":{"points":[{"startEpochNanos":1744440140336000000,"epochNanos":1744440200353000000,"attributes":{"empty":true},"value":0}],"monotonic":true,"aggregationTemporality":"DELTA"}},{"name":"FilePageCache.disposedBuffers","description":"","unit":"","type":"LONG_SUM","data":{"points":[{"startEpochNanos":1744440140336000000,"epochNanos":1744440200353000000,"attributes":{"empty":true},"value":3}],"monotonic":true,"aggregationTemporality":"DELTA"}},{"name":"DirectByteBufferAllocator.hits","description":"","unit":"","type":"LONG_SUM","data":{"points":[{"startEpochNanos":1744440140336000000,"epochNanos":1744440200353000000,"attributes":{"empty":true},"value":3}],"monotonic":true,"aggregationTemporality":"DELTA"}},{"name":"StreamlinedBlobStorage.recordsDeleted","description":"","unit":"","type":"LONG_SUM","data":{"points":[{"startEpochNanos":1744440140336000000,"epochNanos":1744440200353000000,"attributes":{"empty":false},"value":0}],"monotonic":true,"aggregationTemporality":"DELTA"}},{"name":"MappedFileStorage.totalPagesMapped","description":"MappedFileStorage.Page instances in operation at the moment","unit":"","type":"LONG_GAUGE","data":{"points":[{"startEpochNanos":1744440140336000000,"epochNanos":1744440200353000000,"attributes":{"empty":true},"value":9}]}},{"name":"FilePageCacheLockFree.totalNativeBytesReclaimed","description":"","unit":"","type":"LONG_SUM","data":{"points":[{"startEpochNanos":1744440140336000000,"epochNanos":1744440200353000000,"attributes":{"empty":true},"value":0}],"monotonic":true,"aggregationTemporality":"DELTA"}},{"name":"FilePageCache.pageFastCacheHits","description":"","unit":"","type":"LONG_SUM","data":{"points":[{"startEpochNanos":1744440140336000000,"epochNanos":1744440200353000000,"attributes":{"empty":true},"value":24677}],"monotonic":true,"aggregationTemporality":"DELTA"}},{"name":"StreamlinedBlobStorage.totalLiveRecordsPayloadBytes","description":"","unit":"","type":"LONG_SUM","data":{"points":[{"startEpochNanos":1744440140336000000,"epochNanos":1744440200353000000,"attributes":{"empty":false},"value":274395}],"monotonic":false,"aggregationTemporality":"DELTA"}},{"name":"Indexing.writesQueuedMax","description":"","unit":"","type":"LONG_GAUGE","data":{"points":[{"startEpochNanos":1744440140336000000,"epochNanos":1744440200353000000,"attributes":{"empty":true},"value":0}]}},{"name":"Indexing.cache.totalCacheMisses","description":"","unit":"","type":"LONG_SUM","data":{"points":[{"startEpochNanos":1744440140336000000,"epochNanos":1744440200353000000,"attributes":{"empty":true},"value":0}],"monotonic":true,"aggregationTemporality":"DELTA"}},{"name":"Indexing.writesQueuedAvg","description":"","unit":"","type":"DOUBLE_GAUGE","data":{"points":[{"startEpochNanos":1744440140336000000,"epochNanos":1744440200353000000,"attributes":{"empty":true},"value":0.0}]}},{"name":"IndexesFlusher.totalFlushingTimeUs","description":"Total time spent by flushing in a period","unit":"microseconds","type":"LONG_SUM","data":{"points":[{"startEpochNanos":1744440140336000000,"epochNanos":1744440200353000000,"attributes":{"empty":true},"value":719864}],"monotonic":true,"aggregationTemporality":"DELTA"}},{"name":"Indexing.cache.totalCacheAccesses","description":"","unit":"","type":"LONG_SUM","data":{"points":[{"startEpochNanos":1744440140336000000,"epochNanos":1744440200353000000,"attributes":{"empty":true},"value":0}],"monotonic":true,"aggregationTemporality":"DELTA"}},{"name":"Indexing.writer_0.totalTimeSpentWritingMs","description":"","unit":"","type":"LONG_SUM","data":{"points":[{"startEpochNanos":1744440140336000000,"epochNanos":1744440200353000000,"attributes":{"empty":true},"value":0}],"monotonic":true,"aggregationTemporality":"DELTA"}},{"name":"IndexesFlusher.totalContentionQuotaSpent","description":"How many contention flush met in a period","unit":"1","type":"LONG_SUM","data":{"points":[{"startEpochNanos":1744440140336000000,"epochNanos":1744440200353000000,"attributes":{"empty":true},"value":0}],"monotonic":true,"aggregationTemporality":"DELTA"}},{"name":"Indexing.writer_2.totalTimeSpentWritingMs","description":"","unit":"","type":"LONG_SUM","data":{"points":[{"startEpochNanos":1744440140336000000,"epochNanos":1744440200353000000,"attributes":{"empty":true},"value":0}],"monotonic":true,"aggregationTemporality":"DELTA"}},{"name":"IndexesFlusher.totalFlushes","description":"How many flushes done in a period (both: regular and retried)","unit":"1","type":"LONG_SUM","data":{"points":[{"startEpochNanos":1744440140336000000,"epochNanos":1744440200353000000,"attributes":{"empty":true},"value":56}],"monotonic":true,"aggregationTemporality":"DELTA"}},{"name":"Indexing.totalTimeIndexersSleptMs","description":"","unit":"","type":"LONG_SUM","data":{"points":[{"startEpochNanos":1744440140336000000,"epochNanos":1744440200353000000,"attributes":{"empty":true},"value":0}],"monotonic":true,"aggregationTemporality":"DELTA"}},{"name":"Indexing.writesQueuedMin","description":"","unit":"","type":"LONG_GAUGE","data":{"points":[{"startEpochNanos":1744440140336000000,"epochNanos":1744440200353000000,"attributes":{"empty":true},"value":0}]}},{"name":"IndexesFlusher.totalFlushesRetried","description":"How many flushes retried in a period","unit":"1","type":"LONG_SUM","data":{"points":[{"startEpochNanos":1744440140336000000,"epochNanos":1744440200353000000,"attributes":{"empty":true},"value":0}],"monotonic":true,"aggregationTemporality":"DELTA"}},{"name":"Indexing.writer_3.totalTimeSpentWritingMs","description":"","unit":"","type":"LONG_SUM","data":{"points":[{"startEpochNanos":1744440140336000000,"epochNanos":1744440200353000000,"attributes":{"empty":true},"value":0}],"monotonic":true,"aggregationTemporality":"DELTA"}},{"name":"Indexing.cache.totalCacheEvicted","description":"","unit":"","type":"LONG_SUM","data":{"points":[{"startEpochNanos":1744440140336000000,"epochNanos":1744440200353000000,"attributes":{"empty":true},"value":0}],"monotonic":true,"aggregationTemporality":"DELTA"}},{"name":"Indexing.writer_1.totalTimeSpentWritingMs","description":"","unit":"","type":"LONG_SUM","data":{"points":[{"startEpochNanos":1744440140336000000,"epochNanos":1744440200353000000,"attributes":{"empty":true},"value":0}],"monotonic":true,"aggregationTemporality":"DELTA"}}]