{
  "appInfo" : {
    "build" : "243.25659.45",
    "buildDate" : "2025-02-27T09:16:00Z[UTC]",
    "productCode" : "PS",
    "generated" : "2025-04-12T06:44:11.3139113Z",
    "os" : "Windows 11.0",
    "runtime" : "JetBrains s.r.o. 21.0.6 21.0.6+8-b631.39"
  },
  "runtimeInfo" : {
    "maxMemory" : 2147483648,
    "numberOfProcessors" : 8,
    "maxNumberOfIndexingThreads" : 8,
    "maxSizeOfFileForIntelliSense" : 2560000,
    "maxSizeOfFileForContentLoading" : 20971520
  },
  "type" : "Scanning",
  "projectIndexingActivityHistory" : {
    "projectName" : "ebelanja-mobile",
    "times" : {
      "scanningReason" : "changes in: \"External roots from entity (ibm_db2, pthreads, sysvsem, ...; empty; empty; empty)\"",
      "scanningType" : "PARTIAL",
      "scanningId" : 1,
      "creatingIteratorsTime" : 0,
      "concurrentHandlingWallTimeWithoutPauses" : 0,
      "concurrentHandlingWallTimeWithPauses" : 0,
      "concurrentHandlingSumOfThreadTimesWithPauses" : 207595300,
      "concurrentIterationAndScannersApplicationSumOfThreadTimesWithPauses" : 59320000,
      "concurrentFileCheckSumOfThreadTimesWithPauses" : 148161500,
      "delayedPushPropertiesStageTime" : 0,
      "indexExtensionsTime" : 31987100,
      "dumbWallTimeWithPauses" : 0,
      "dumbWallTimeWithoutPauses" : 0,
      "updatingStart" : "2025-04-12T06:44:10.764373Z",
      "updatingEnd" : "2025-04-12T06:44:11.0219697Z",
      "totalWallTimeWithPauses" : 257596700,
      "wallTimeOnPause" : 20943500,
      "wasInterrupted" : false,
      "totalWallTimeWithoutPauses" : 236653200
    },
    "fileCount" : {
      "numberOfFileProviders" : 1,
      "numberOfScannedFiles" : 323,
      "numberOfFilesIndexedByInfrastructureExtensionsDuringScan" : 0,
      "numberOfFilesScheduledForIndexingAfterScan" : 323
    },
    "scanningStatistics" : [ {
      "providerName" : "External roots from entity (ibm_db2, pthreads, sysvsem, ...; empty; empty; empty)",
      "numberOfScannedFiles" : 323,
      "numberOfSkippedFiles" : 0,
      "numberOfFilesForIndexing" : 323,
      "numberOfFilesFullyIndexedByInfrastructureExtensions" : 0,
      "filesFullyIndexedByInfrastructureExtensions" : [ ],
      "statusTime" : 126983200,
      "totalOneThreadTimeWithPauses" : 207595300,
      "iterationAndScannersApplicationTime" : 59320000,
      "filesCheckTime" : 148161500,
      "timeProcessingUpToDateFiles" : 0,
      "timeUpdatingContentLessIndexes" : 44406800,
      "timeIndexingWithoutContentViaInfrastructureExtension" : 31987100,
      "roots" : [ ]
    } ]
  }
}