{
  "appInfo" : {
    "build" : "243.25659.45",
    "buildDate" : "2025-02-27T09:16:00Z[UTC]",
    "productCode" : "PS",
    "generated" : "2025-04-12T06:44:11.3329284Z",
    "os" : "Windows 11.0",
    "runtime" : "JetBrains s.r.o. 21.0.6 21.0.6+8-b631.39"
  },
  "runtimeInfo" : {
    "maxMemory" : 2147483648,
    "numberOfProcessors" : 8,
    "maxNumberOfIndexingThreads" : 8,
    "maxSizeOfFileForIntelliSense" : 2560000,
    "maxSizeOfFileForContentLoading" : 20971520
  },
  "type" : "DumbIndexing",
  "projectIndexingActivityHistory" : {
    "projectName" : "ebelanja-mobile",
    "times" : {
      "scanningIds" : [ ],
      "contentLoadingVisibleTime" : 0,
      "retrievingChangedDuringIndexingFilesTime" : 0,
      "separateApplyingIndexesVisibleTime" : 0,
      "updatingStart" : "2025-04-12T06:44:10.7693611Z",
      "updatingEnd" : "2025-04-12T06:44:10.7717815Z",
      "totalWallTimeWithPauses" : 2420400,
      "wallTimeOnPause" : 0,
      "wasInterrupted" : false,
      "dumbWallTimeWithPauses" : 2420400,
      "dumbModeStart" : "2025-04-12T06:44:10.7693611Z",
      "dumbWallTimeWithoutPauses" : 2420400,
      "totalWallTimeWithoutPauses" : 2420400
    },
    "fileCount" : {
      "numberOfChangedDuringIndexingFiles" : 0,
      "numberOfFilesIndexedByInfrastructureExtensionsDuringIndexingStage" : 0,
      "numberOfFilesIndexedWithLoadingContent" : 0,
      "numberOfNothingToWriteFiles" : 0
    },
    "totalStatsPerFileType" : [ ],
    "totalStatsPerBaseLanguage" : [ ],
    "totalStatsPerIndexer" : [ ],
    "statisticsOfChangedDuringIndexingFiles" : {
      "numberOfFiles" : 0,
      "retrievingTime" : 0
    },
    "fileProviderStatistics" : [ ],
    "visibleTimeToAllThreadTimeRatio" : 0.0
  }
}